unit,tra_meas,airp_pr\time	2017Q2 	2017Q1 	2017M06 	2017M05 	2017M04 	2017M03 	2017M02 	2017M01 	2016Q4 	2016Q3 	2016Q2 	2016Q1 	2016M12 	2016M11 	2016M10 	2016M09 	2016M08 	2016M07 	2016M06 	2016M05 	2016M04 	2016M03 	2016M02 	2016M01 	2016 
FLIGHT,CAF_PAS,ME_LYPG_AT_LOWW	283 	200 	100 	98 	85 	72 	64 	64 	259 	310 	290 	210 	68 	70 	121 	98 	106 	106 	102 	96 	92 	74 	68 	68 	1069 
FLIGHT,CAF_PAS,ME_LYPG_BE_EBCI	52 	52 	18 	16 	18 	18 	16 	18 	52 	52 	52 	52 	18 	16 	18 	18 	16 	18 	18 	18 	16 	18 	18 	16 	208 
FLIGHT,CAF_PAS,ME_LYPG_CH_LSZH	: 	: 	: 	: 	: 	: 	: 	: 	78 	148 	113 	60 	25 	22 	31 	42 	52 	54 	47 	36 	30 	20 	16 	24 	399 
FLIGHT,CAF_PAS,ME_LYPG_DE_EDDB	53 	52 	18 	17 	18 	18 	16 	18 	: 	: 	: 	: 	: 	: 	: 	: 	: 	: 	: 	: 	: 	: 	: 	: 	: 
FLIGHT,CAF_PAS,ME_LYPG_DE_EDDF	: 	: 	: 	: 	: 	: 	: 	: 	69 	125 	90 	57 	21 	16 	32 	38 	43 	44 	38 	26 	26 	18 	16 	23 	341 
FLIGHT,CAF_PAS,ME_LYPG_FR_LFPG	: 	: 	: 	: 	: 	: 	: 	: 	72 	186 	161 	54 	22 	16 	34 	48 	70 	68 	52 	70 	39 	18 	16 	20 	473 
FLIGHT,CAF_PAS,ME_LYPG_IT_LIRF	258 	157 	88 	84 	86 	58 	46 	53 	163 	202 	181 	156 	52 	49 	62 	62 	72 	68 	61 	62 	58 	54 	50 	52 	702 
FLIGHT,CAF_PAS,ME_LYPG_RS_LYBE	929 	875 	301 	320 	308 	306 	265 	304 	898 	930 	937 	864 	306 	284 	308 	304 	315 	311 	304 	325 	308 	305 	266 	293 	3629 
FLIGHT,CAF_PAS,ME_LYPG_RU_UUDD	: 	: 	: 	: 	: 	: 	: 	: 	8 	159 	65 	1 	2 	: 	6 	36 	57 	66 	58 	7 	: 	: 	1 	: 	233 
FLIGHT,CAF_PAS,ME_LYPG_SI_LJLJ	191 	151 	79 	62 	50 	52 	46 	53 	150 	158 	155 	153 	46 	52 	52 	52 	54 	52 	52 	52 	51 	54 	50 	49 	616 
FLIGHT,CAF_PAS,ME_LYPG_TR_LTBA	310 	156 	106 	104 	100 	66 	46 	44 	220 	310 	306 	158 	58 	58 	104 	102 	108 	100 	102 	106 	98 	62 	48 	48 	994 
FLIGHT,CAF_PAS,ME_LYPG_UK_EGSS	52 	54 	16 	18 	18 	18 	16 	20 	54 	52 	52 	54 	20 	16 	18 	16 	18 	18 	18 	18 	16 	18 	16 	20 	212 
FLIGHT,CAF_PAS,ME_LYTV_BY_UMMS	: 	: 	: 	: 	: 	: 	: 	: 	6 	176 	64 	: 	: 	: 	6 	56 	57 	63 	54 	8 	2 	: 	: 	: 	246 
FLIGHT,CAF_PAS,ME_LYTV_RS_LYBE	786 	410 	327 	241 	218 	163 	125 	122 	527 	1334 	833 	420 	149 	142 	236 	355 	485 	494 	366 	240 	227 	155 	128 	137 	3114 
FLIGHT,CAF_PAS,ME_LYTV_RU_ULLI	158 	: 	140 	16 	2 	: 	: 	: 	8 	368 	129 	2 	: 	: 	8 	104 	135 	129 	115 	12 	2 	: 	: 	2 	507 
FLIGHT,CAF_PAS,ME_LYTV_RU_UUDD	670 	140 	409 	169 	92 	51 	35 	54 	239 	1308 	611 	182 	60 	51 	128 	383 	463 	462 	374 	149 	88 	65 	48 	69 	2340 
FLIGHT,CAF_PAS,ME_LYTV_RU_UUEE	257 	110 	134 	63 	60 	46 	30 	34 	144 	422 	263 	172 	36 	46 	62 	138 	142 	142 	136 	66 	61 	58 	58 	56 	1001 
FLIGHT,CAF_PAS,ME_LYTV_RU_UUWW	104 	: 	84 	20 	: 	: 	: 	: 	: 	134 	44 	: 	: 	: 	: 	50 	46 	38 	42 	2 	: 	: 	: 	: 	178 
FLIGHT,CAF_PAS,ME_LYTV_UA_UKKK	: 	: 	: 	: 	: 	: 	: 	: 	4 	213 	72 	: 	: 	: 	4 	58 	79 	76 	53 	15 	4 	: 	: 	: 	289 
FLIGHT,CAF_PAS,ME_LYTV_UK_EGKK	: 	: 	: 	: 	: 	: 	: 	: 	27 	136 	60 	: 	: 	: 	27 	42 	44 	50 	40 	18 	2 	: 	: 	: 	223 
FLIGHT,CAF_PAS_ARR,ME_LYPG_AT_LOWW	142 	100 	50 	49 	43 	36 	32 	32 	130 	155 	145 	105 	34 	35 	61 	49 	53 	53 	51 	48 	46 	37 	34 	34 	535 
FLIGHT,CAF_PAS_ARR,ME_LYPG_BE_EBCI	26 	26 	9 	8 	9 	9 	8 	9 	26 	26 	26 	26 	9 	8 	9 	9 	8 	9 	9 	9 	8 	9 	9 	8 	104 
FLIGHT,CAF_PAS_ARR,ME_LYPG_CH_LSZH	: 	: 	: 	: 	: 	: 	: 	: 	38 	74 	56 	30 	12 	11 	15 	21 	26 	27 	23 	18 	15 	10 	8 	12 	198 
FLIGHT,CAF_PAS_ARR,ME_LYPG_DE_EDDB	26 	26 	9 	8 	9 	9 	8 	9 	: 	: 	: 	: 	: 	: 	: 	: 	: 	: 	: 	: 	: 	: 	: 	: 	: 
FLIGHT,CAF_PAS_ARR,ME_LYPG_DE_EDDF	: 	: 	: 	: 	: 	: 	: 	: 	35 	62 	45 	29 	11 	8 	16 	19 	21 	22 	19 	13 	13 	9 	8 	12 	171 
FLIGHT,CAF_PAS_ARR,ME_LYPG_FR_LFPG	: 	: 	: 	: 	: 	: 	: 	: 	36 	93 	82 	27 	11 	8 	17 	24 	35 	34 	26 	36 	20 	9 	8 	10 	238 
FLIGHT,CAF_PAS_ARR,ME_LYPG_IT_LIRF	129 	79 	44 	42 	43 	29 	23 	27 	81 	101 	90 	78 	26 	24 	31 	31 	36 	34 	30 	31 	29 	27 	25 	26 	350 
FLIGHT,CAF_PAS_ARR,ME_LYPG_RS_LYBE	466 	442 	151 	161 	154 	153 	134 	155 	450 	465 	469 	434 	153 	143 	154 	152 	158 	155 	152 	163 	154 	153 	134 	147 	1818 
FLIGHT,CAF_PAS_ARR,ME_LYPG_RU_UUDD	: 	: 	: 	: 	: 	: 	: 	: 	4 	79 	33 	1 	1 	: 	3 	18 	28 	33 	29 	4 	: 	: 	1 	: 	117 
FLIGHT,CAF_PAS_ARR,ME_LYPG_SI_LJLJ	95 	75 	39 	31 	25 	25 	23 	27 	75 	79 	77 	77 	23 	26 	26 	26 	27 	26 	26 	26 	25 	27 	25 	25 	308 
FLIGHT,CAF_PAS_ARR,ME_LYPG_TR_LTBA	155 	78 	53 	52 	50 	33 	23 	22 	110 	155 	153 	79 	29 	29 	52 	51 	54 	50 	51 	53 	49 	31 	24 	24 	497 
FLIGHT,CAF_PAS_ARR,ME_LYPG_UK_EGSS	26 	27 	8 	9 	9 	9 	8 	10 	27 	26 	26 	27 	10 	8 	9 	8 	9 	9 	9 	9 	8 	9 	8 	10 	106 
FLIGHT,CAF_PAS_ARR,ME_LYTV_BY_UMMS	: 	: 	: 	: 	: 	: 	: 	: 	6 	90 	31 	: 	: 	: 	6 	28 	31 	31 	26 	4 	1 	: 	: 	: 	127 
FLIGHT,CAF_PAS_ARR,ME_LYTV_RS_LYBE	392 	200 	163 	120 	109 	81 	61 	58 	263 	666 	416 	207 	74 	71 	118 	178 	242 	246 	182 	120 	114 	77 	62 	68 	1552 
FLIGHT,CAF_PAS_ARR,ME_LYTV_RU_ULLI	79 	: 	70 	8 	1 	: 	: 	: 	7 	183 	66 	1 	: 	: 	7 	52 	67 	64 	59 	6 	1 	: 	: 	1 	257 
FLIGHT,CAF_PAS_ARR,ME_LYTV_RU_UUDD	337 	67 	205 	86 	46 	25 	17 	25 	130 	656 	303 	89 	30 	25 	75 	192 	233 	231 	185 	74 	44 	32 	23 	34 	1178 
FLIGHT,CAF_PAS_ARR,ME_LYTV_RU_UUEE	129 	55 	67 	32 	30 	23 	15 	17 	73 	211 	132 	86 	18 	23 	32 	69 	71 	71 	68 	33 	31 	29 	29 	28 	502 
FLIGHT,CAF_PAS_ARR,ME_LYTV_RU_UUWW	52 	: 	42 	10 	: 	: 	: 	: 	: 	67 	22 	: 	: 	: 	: 	25 	23 	19 	21 	1 	: 	: 	: 	: 	89 
FLIGHT,CAF_PAS_ARR,ME_LYTV_UA_UKKK	: 	: 	: 	: 	: 	: 	: 	: 	4 	109 	38 	: 	: 	: 	4 	30 	40 	39 	28 	8 	2 	: 	: 	: 	151 
FLIGHT,CAF_PAS_ARR,ME_LYTV_UK_EGKK	: 	: 	: 	: 	: 	: 	: 	: 	13 	68 	30 	: 	: 	: 	13 	21 	22 	25 	20 	9 	1 	: 	: 	: 	111 
FLIGHT,CAF_PAS_DEP,ME_LYPG_AT_LOWW	141 	100 	50 	49 	42 	36 	32 	32 	129 	155 	145 	105 	34 	35 	60 	49 	53 	53 	51 	48 	46 	37 	34 	34 	534 
FLIGHT,CAF_PAS_DEP,ME_LYPG_BE_EBCI	26 	26 	9 	8 	9 	9 	8 	9 	26 	26 	26 	26 	9 	8 	9 	9 	8 	9 	9 	9 	8 	9 	9 	8 	104 
FLIGHT,CAF_PAS_DEP,ME_LYPG_CH_LSZH	: 	: 	: 	: 	: 	: 	: 	: 	40 	74 	57 	30 	13 	11 	16 	21 	26 	27 	24 	18 	15 	10 	8 	12 	201 
FLIGHT,CAF_PAS_DEP,ME_LYPG_DE_EDDB	27 	26 	9 	9 	9 	9 	8 	9 	: 	: 	: 	: 	: 	: 	: 	: 	: 	: 	: 	: 	: 	: 	: 	: 	: 
FLIGHT,CAF_PAS_DEP,ME_LYPG_DE_EDDF	: 	: 	: 	: 	: 	: 	: 	: 	34 	63 	45 	28 	10 	8 	16 	19 	22 	22 	19 	13 	13 	9 	8 	11 	170 
FLIGHT,CAF_PAS_DEP,ME_LYPG_FR_LFPG	: 	: 	: 	: 	: 	: 	: 	: 	36 	93 	79 	27 	11 	8 	17 	24 	35 	34 	26 	34 	19 	9 	8 	10 	235 
FLIGHT,CAF_PAS_DEP,ME_LYPG_IT_LIRF	129 	78 	44 	42 	43 	29 	23 	26 	82 	101 	91 	78 	26 	25 	31 	31 	36 	34 	31 	31 	29 	27 	25 	26 	352 
FLIGHT,CAF_PAS_DEP,ME_LYPG_RS_LYBE	463 	433 	150 	159 	154 	153 	131 	149 	448 	465 	468 	430 	153 	141 	154 	152 	157 	156 	152 	162 	154 	152 	132 	146 	1811 
FLIGHT,CAF_PAS_DEP,ME_LYPG_RU_UUDD	: 	: 	: 	: 	: 	: 	: 	: 	4 	80 	32 	: 	1 	: 	3 	18 	29 	33 	29 	3 	: 	: 	: 	: 	116 
FLIGHT,CAF_PAS_DEP,ME_LYPG_SI_LJLJ	96 	76 	40 	31 	25 	27 	23 	26 	75 	79 	78 	76 	23 	26 	26 	26 	27 	26 	26 	26 	26 	27 	25 	24 	308 
FLIGHT,CAF_PAS_DEP,ME_LYPG_TR_LTBA	155 	78 	53 	52 	50 	33 	23 	22 	110 	155 	153 	79 	29 	29 	52 	51 	54 	50 	51 	53 	49 	31 	24 	24 	497 
FLIGHT,CAF_PAS_DEP,ME_LYPG_UK_EGSS	26 	27 	8 	9 	9 	9 	8 	10 	27 	26 	26 	27 	10 	8 	9 	8 	9 	9 	9 	9 	8 	9 	8 	10 	106 
FLIGHT,CAF_PAS_DEP,ME_LYTV_BY_UMMS	: 	: 	: 	: 	: 	: 	: 	: 	: 	86 	33 	: 	: 	: 	: 	28 	26 	32 	28 	4 	1 	: 	: 	: 	119 
FLIGHT,CAF_PAS_DEP,ME_LYTV_RS_LYBE	394 	210 	164 	121 	109 	82 	64 	64 	264 	668 	417 	213 	75 	71 	118 	177 	243 	248 	184 	120 	113 	78 	66 	69 	1562 
FLIGHT,CAF_PAS_DEP,ME_LYTV_RU_ULLI	79 	: 	70 	8 	1 	: 	: 	: 	1 	185 	63 	1 	: 	: 	1 	52 	68 	65 	56 	6 	1 	: 	: 	1 	250 
FLIGHT,CAF_PAS_DEP,ME_LYTV_RU_UUDD	333 	73 	204 	83 	46 	26 	18 	29 	109 	652 	308 	93 	30 	26 	53 	191 	230 	231 	189 	75 	44 	33 	25 	35 	1162 
FLIGHT,CAF_PAS_DEP,ME_LYTV_RU_UUEE	128 	55 	67 	31 	30 	23 	15 	17 	71 	211 	131 	86 	18 	23 	30 	69 	71 	71 	68 	33 	30 	29 	29 	28 	499 
FLIGHT,CAF_PAS_DEP,ME_LYTV_RU_UUWW	52 	: 	42 	10 	: 	: 	: 	: 	: 	67 	22 	: 	: 	: 	: 	25 	23 	19 	21 	1 	: 	: 	: 	: 	89 
FLIGHT,CAF_PAS_DEP,ME_LYTV_UA_UKKK	: 	: 	: 	: 	: 	: 	: 	: 	: 	104 	34 	: 	: 	: 	: 	28 	39 	37 	25 	7 	2 	: 	: 	: 	138 
FLIGHT,CAF_PAS_DEP,ME_LYTV_UK_EGKK	: 	: 	: 	: 	: 	: 	: 	: 	14 	68 	30 	: 	: 	: 	14 	21 	22 	25 	20 	9 	1 	: 	: 	: 	112 
PAS,PAS_BRD,ME_LYPG_AT_LOWW	22228 	10717 	8914 	7402 	5912 	4169 	3186 	3362 	18531 	31299 	18587 	11379 	3865 	4492 	10174 	8572 	12130 	10597 	7214 	6174 	5199 	4472 	3517 	3390 	79796 
PAS,PAS_BRD,ME_LYPG_BE_EBCI	9326 	8714 	3200 	2867 	3259 	3030 	2708 	2976 	8682 	9321 	9018 	8394 	3051 	2517 	3114 	3151 	2932 	3238 	3114 	3150 	2754 	2914 	2969 	2511 	35415 
PAS,PAS_BRD,ME_LYPG_CH_LSZH	: 	: 	: 	: 	: 	: 	: 	: 	4327 	11926 	6501 	3491 	1280 	988 	2059 	2813 	4461 	4652 	2394 	2399 	1708 	1228 	930 	1333 	26245 
PAS,PAS_BRD,ME_LYPG_DE_EDDB	9204 	8076 	3180 	2958 	3066 	2945 	2541 	2590 	: 	: 	: 	: 	: 	: 	: 	: 	: 	: 	: 	: 	: 	: 	: 	: 	: 
PAS,PAS_BRD,ME_LYPG_DE_EDDF	: 	: 	: 	: 	: 	: 	: 	: 	4682 	11147 	5737 	3873 	1224 	1004 	2454 	3396 	4002 	3749 	2305 	1879 	1553 	1306 	1097 	1470 	25439 
PAS,PAS_BRD,ME_LYPG_FR_LFPG	: 	: 	: 	: 	: 	: 	: 	: 	4536 	16278 	11753 	3202 	1354 	807 	2375 	4142 	6258 	5878 	3687 	5377 	2689 	1039 	1064 	1099 	35769 
PAS,PAS_BRD,ME_LYPG_IT_LIRF	11415 	7094 	4470 	3636 	3309 	2569 	1920 	2605 	7951 	14186 	10588 	7502 	2356 	2379 	3216 	3841 	5524 	4821 	3878 	3571 	3139 	2673 	2173 	2656 	40227 
PAS,PAS_BRD,ME_LYPG_RS_LYBE	72488 	63703 	25372 	24213 	22903 	23092 	19685 	20926 	71023 	82780 	72244 	56827 	23593 	22761 	24669 	27195 	27673 	27912 	25569 	24714 	21961 	20513 	18058 	18256 	282874 
PAS,PAS_BRD,ME_LYPG_RU_UUDD	: 	: 	: 	: 	: 	: 	: 	: 	1020 	22222 	7769 	64 	175 	: 	845 	4465 	8386 	9371 	6945 	824 	: 	: 	64 	: 	31075 
PAS,PAS_BRD,ME_LYPG_SI_LJLJ	10790 	7526 	4564 	3394 	2832 	2740 	2420 	2366 	8394 	12655 	9020 	7001 	2386 	2808 	3200 	4062 	4245 	4348 	3240 	3136 	2644 	2696 	2365 	1940 	37070 
PAS,PAS_BRD,ME_LYPG_TR_LTBA	28869 	12434 	11348 	9710 	7811 	5481 	3633 	3320 	16257 	31793 	22840 	11506 	4063 	4529 	7665 	10334 	11410 	10049 	7999 	8367 	6474 	4566 	3375 	3565 	82396 
PAS,PAS_BRD,ME_LYPG_UK_EGSS	9176 	9103 	2802 	3182 	3192 	3217 	2730 	3156 	8896 	9400 	9391 	9029 	3123 	2617 	3156 	2853 	3318 	3229 	3263 	3249 	2879 	3151 	2752 	3126 	36716 
PAS,PAS_BRD,ME_LYTV_BY_UMMS	: 	: 	: 	: 	: 	: 	: 	: 	408 	24519 	6504 	: 	: 	: 	408 	6988 	8408 	9123 	5831 	625 	48 	: 	: 	: 	31431 
PAS,PAS_BRD,ME_LYTV_RS_LYBE	57750 	23793 	27146 	16498 	14106 	8810 	7852 	7131 	31728 	116639 	56790 	25131 	8663 	8571 	14494 	28147 	43982 	44510 	27687 	16410 	12693 	8514 	7603 	9014 	230288 
PAS,PAS_BRD,ME_LYTV_RU_ULLI	18856 	: 	17043 	1578 	235 	: 	: 	: 	1018 	47256 	13128 	149 	: 	: 	1018 	12723 	18272 	16261 	11720 	1222 	186 	: 	: 	149 	61551 
PAS,PAS_BRD,ME_LYTV_RU_UUDD	79889 	15563 	49659 	19450 	10780 	6199 	4152 	5212 	25011 	187465 	68540 	15357 	5228 	5034 	14749 	51886 	66905 	68674 	43125 	16328 	9087 	6061 	3461 	5835 	296373 
PAS,PAS_BRD,ME_LYTV_RU_UUEE	35243 	6903 	19384 	9288 	6571 	2833 	1987 	2083 	14240 	63848 	32930 	9458 	2180 	3871 	8189 	19674 	22674 	21500 	17981 	8770 	6179 	3716 	2725 	3017 	120476 
PAS,PAS_BRD,ME_LYTV_RU_UUWW	18224 	: 	14951 	3273 	: 	: 	: 	: 	: 	27291 	8845 	: 	: 	: 	: 	8826 	9832 	8633 	8581 	264 	: 	: 	: 	: 	36136 
PAS,PAS_BRD,ME_LYTV_UA_UKKK	: 	: 	: 	: 	: 	: 	: 	: 	355 	29010 	8233 	: 	: 	: 	355 	7723 	11191 	10096 	6310 	1629 	294 	: 	: 	: 	37598 
PAS,PAS_BRD,ME_LYTV_UK_EGKK	: 	: 	: 	: 	: 	: 	: 	: 	2995 	17040 	5629 	: 	: 	: 	2995 	5326 	5728 	5986 	4014 	1552 	63 	: 	: 	: 	25664 
PAS,PAS_BRD_ARR,ME_LYPG_AT_LOWW	11477 	5144 	4897 	3634 	2946 	2045 	1564 	1535 	9073 	15050 	9871 	5637 	1984 	2015 	5074 	3744 	5197 	6109 	4071 	3191 	2609 	2312 	1707 	1618 	39631 
PAS,PAS_BRD_ARR,ME_LYPG_BE_EBCI	4663 	4298 	1610 	1422 	1631 	1504 	1346 	1448 	4150 	4589 	4516 	4180 	1493 	1152 	1505 	1476 	1428 	1685 	1592 	1574 	1350 	1513 	1477 	1190 	17435 
PAS,PAS_BRD_ARR,ME_LYPG_CH_LSZH	: 	: 	: 	: 	: 	: 	: 	: 	2027 	5747 	3311 	1615 	745 	411 	871 	1198 	1654 	2895 	1319 	1092 	900 	653 	434 	528 	12700 
PAS,PAS_BRD_ARR,ME_LYPG_DE_EDDB	4521 	3850 	1602 	1391 	1528 	1479 	1189 	1182 	: 	: 	: 	: 	: 	: 	: 	: 	: 	: 	: 	: 	: 	: 	: 	: 	: 
PAS,PAS_BRD_ARR,ME_LYPG_DE_EDDF	: 	: 	: 	: 	: 	: 	: 	: 	2237 	5451 	2921 	1860 	710 	445 	1082 	1473 	1698 	2280 	1245 	975 	701 	711 	556 	593 	12469 
PAS,PAS_BRD_ARR,ME_LYPG_FR_LFPG	: 	: 	: 	: 	: 	: 	: 	: 	2116 	7965 	6084 	1563 	724 	360 	1032 	1796 	2580 	3589 	1910 	2680 	1494 	497 	580 	486 	17728 
PAS,PAS_BRD_ARR,ME_LYPG_IT_LIRF	5840 	3561 	2335 	1845 	1660 	1302 	969 	1290 	3813 	6785 	5413 	3737 	1180 	1120 	1513 	1507 	2366 	2912 	2001 	1878 	1534 	1369 	1061 	1307 	19748 
PAS,PAS_BRD_ARR,ME_LYPG_RS_LYBE	37765 	32105 	13679 	12061 	12025 	11508 	9864 	10733 	34607 	39923 	36980 	28640 	11763 	11085 	11759 	12709 	12188 	15026 	13603 	12206 	11171 	10446 	9119 	9075 	140150 
PAS,PAS_BRD_ARR,ME_LYPG_RU_UUDD	: 	: 	: 	: 	: 	: 	: 	: 	365 	10495 	4731 	64 	110 	: 	255 	1876 	3962 	4657 	4075 	656 	: 	: 	64 	: 	15655 
PAS,PAS_BRD_ARR,ME_LYPG_SI_LJLJ	5466 	3579 	2369 	1595 	1502 	1224 	1200 	1155 	4002 	6063 	4475 	3369 	1188 	1310 	1504 	1805 	1887 	2371 	1672 	1531 	1272 	1319 	1161 	889 	17909 
PAS,PAS_BRD_ARR,ME_LYPG_TR_LTBA	14644 	5834 	5951 	4891 	3802 	2693 	1661 	1480 	7529 	15200 	11855 	5798 	1933 	2063 	3533 	4808 	5154 	5238 	4246 	4351 	3258 	2384 	1719 	1695 	40382 
PAS,PAS_BRD_ARR,ME_LYPG_UK_EGSS	4668 	4346 	1419 	1623 	1626 	1638 	1367 	1341 	4443 	4648 	4667 	4327 	1762 	1178 	1503 	1355 	1628 	1665 	1634 	1623 	1410 	1631 	1358 	1338 	18085 
PAS,PAS_BRD_ARR,ME_LYTV_BY_UMMS	: 	: 	: 	: 	: 	: 	: 	: 	408 	11876 	3958 	: 	: 	: 	408 	2841 	4557 	4478 	3508 	402 	48 	: 	: 	: 	16242 
PAS,PAS_BRD_ARR,ME_LYTV_RS_LYBE	31426 	11535 	15521 	8302 	7603 	4504 	3804 	3227 	14777 	55685 	31153 	11996 	4416 	4140 	6221 	12081 	19853 	23751 	16062 	8005 	7086 	4280 	3569 	4147 	113611 
PAS,PAS_BRD_ARR,ME_LYTV_RU_ULLI	11584 	: 	10197 	1217 	170 	: 	: 	: 	847 	21863 	8488 	42 	: 	: 	847 	5188 	8491 	8184 	7465 	858 	165 	: 	: 	42 	31240 
PAS,PAS_BRD_ARR,ME_LYTV_RU_UUDD	47506 	7654 	29892 	11318 	6296 	3404 	2205 	2045 	12151 	89623 	40527 	7176 	2989 	1959 	7203 	22493 	31844 	35286 	26113 	8746 	5668 	3147 	1659 	2370 	149477 
PAS,PAS_BRD_ARR,ME_LYTV_RU_UUEE	20163 	3689 	11230 	5157 	3776 	1633 	1057 	999 	6675 	30971 	19272 	4877 	1209 	1756 	3710 	8796 	11266 	10909 	10524 	5094 	3654 	2155 	1478 	1244 	61795 
PAS,PAS_BRD_ARR,ME_LYTV_RU_UUWW	10049 	: 	8143 	1906 	: 	: 	: 	: 	: 	12842 	4961 	: 	: 	: 	: 	3637 	4886 	4319 	4710 	251 	: 	: 	: 	: 	17803 
PAS,PAS_BRD_ARR,ME_LYTV_UA_UKKK	: 	: 	: 	: 	: 	: 	: 	: 	355 	14369 	5125 	: 	: 	: 	355 	3530 	5586 	5253 	3963 	901 	261 	: 	: 	: 	19849 
PAS,PAS_BRD_ARR,ME_LYTV_UK_EGKK	: 	: 	: 	: 	: 	: 	: 	: 	1179 	8671 	3126 	: 	: 	: 	1179 	2544 	2851 	3276 	2196 	867 	63 	: 	: 	: 	12976 
PAS,PAS_BRD_DEP,ME_LYPG_AT_LOWW	10751 	5573 	4017 	3768 	2966 	2124 	1622 	1827 	9458 	16249 	8716 	5742 	1881 	2477 	5100 	4828 	6933 	4488 	3143 	2983 	2590 	2160 	1810 	1772 	40165 
PAS,PAS_BRD_DEP,ME_LYPG_BE_EBCI	4663 	4416 	1590 	1445 	1628 	1526 	1362 	1528 	4532 	4732 	4502 	4214 	1558 	1365 	1609 	1675 	1504 	1553 	1522 	1576 	1404 	1401 	1492 	1321 	17980 
PAS,PAS_BRD_DEP,ME_LYPG_CH_LSZH	: 	: 	: 	: 	: 	: 	: 	: 	2300 	6179 	3190 	1876 	535 	577 	1188 	1615 	2807 	1757 	1075 	1307 	808 	575 	496 	805 	13545 
PAS,PAS_BRD_DEP,ME_LYPG_DE_EDDB	4683 	4226 	1578 	1567 	1538 	1466 	1352 	1408 	: 	: 	: 	: 	: 	: 	: 	: 	: 	: 	: 	: 	: 	: 	: 	: 	: 
PAS,PAS_BRD_DEP,ME_LYPG_DE_EDDF	: 	: 	: 	: 	: 	: 	: 	: 	2445 	5696 	2816 	2013 	514 	559 	1372 	1923 	2304 	1469 	1060 	904 	852 	595 	541 	877 	12970 
PAS,PAS_BRD_DEP,ME_LYPG_FR_LFPG	: 	: 	: 	: 	: 	: 	: 	: 	2420 	8313 	5669 	1639 	630 	447 	1343 	2346 	3678 	2289 	1777 	2697 	1195 	542 	484 	613 	18041 
PAS,PAS_BRD_DEP,ME_LYPG_IT_LIRF	5575 	3533 	2135 	1791 	1649 	1267 	951 	1315 	4138 	7401 	5175 	3765 	1176 	1259 	1703 	2334 	3158 	1909 	1877 	1693 	1605 	1304 	1112 	1349 	20479 
PAS,PAS_BRD_DEP,ME_LYPG_RS_LYBE	34723 	31598 	11693 	12152 	10878 	11584 	9821 	10193 	36416 	42857 	35264 	28187 	11830 	11676 	12910 	14486 	15485 	12886 	11966 	12508 	10790 	10067 	8939 	9181 	142724 
PAS,PAS_BRD_DEP,ME_LYPG_RU_UUDD	: 	: 	: 	: 	: 	: 	: 	: 	655 	11727 	3038 	: 	65 	: 	590 	2589 	4424 	4714 	2870 	168 	: 	: 	: 	: 	15420 
PAS,PAS_BRD_DEP,ME_LYPG_SI_LJLJ	5324 	3947 	2195 	1799 	1330 	1516 	1220 	1211 	4392 	6592 	4545 	3632 	1198 	1498 	1696 	2257 	2358 	1977 	1568 	1605 	1372 	1377 	1204 	1051 	19161 
PAS,PAS_BRD_DEP,ME_LYPG_TR_LTBA	14225 	6600 	5397 	4819 	4009 	2788 	1972 	1840 	8728 	16593 	10985 	5708 	2130 	2466 	4132 	5526 	6256 	4811 	3753 	4016 	3216 	2182 	1656 	1870 	42014 
PAS,PAS_BRD_DEP,ME_LYPG_UK_EGSS	4508 	4757 	1383 	1559 	1566 	1579 	1363 	1815 	4453 	4752 	4724 	4702 	1361 	1439 	1653 	1498 	1690 	1564 	1629 	1626 	1469 	1520 	1394 	1788 	18631 
PAS,PAS_BRD_DEP,ME_LYTV_BY_UMMS	: 	: 	: 	: 	: 	: 	: 	: 	: 	12643 	2546 	: 	: 	: 	: 	4147 	3851 	4645 	2323 	223 	0 	: 	: 	: 	15189 
PAS,PAS_BRD_DEP,ME_LYTV_RS_LYBE	26324 	12258 	11625 	8196 	6503 	4306 	4048 	3904 	16951 	60954 	25637 	13135 	4247 	4431 	8273 	16066 	24129 	20759 	11625 	8405 	5607 	4234 	4034 	4867 	116677 
PAS,PAS_BRD_DEP,ME_LYTV_RU_ULLI	7272 	: 	6846 	361 	65 	: 	: 	: 	171 	25393 	4640 	107 	: 	: 	171 	7535 	9781 	8077 	4255 	364 	21 	: 	: 	107 	30311 
PAS,PAS_BRD_DEP,ME_LYTV_RU_UUDD	32383 	7909 	19767 	8132 	4484 	2795 	1947 	3167 	12860 	97842 	28013 	8181 	2239 	3075 	7546 	29393 	35061 	33388 	17012 	7582 	3419 	2914 	1802 	3465 	146896 
PAS,PAS_BRD_DEP,ME_LYTV_RU_UUEE	15080 	3214 	8154 	4131 	2795 	1200 	930 	1084 	7565 	32877 	13658 	4581 	971 	2115 	4479 	10878 	11408 	10591 	7457 	3676 	2525 	1561 	1247 	1773 	58681 
PAS,PAS_BRD_DEP,ME_LYTV_RU_UUWW	8175 	: 	6808 	1367 	: 	: 	: 	: 	: 	14449 	3884 	: 	: 	: 	: 	5189 	4946 	4314 	3871 	13 	: 	: 	: 	: 	18333 
PAS,PAS_BRD_DEP,ME_LYTV_UA_UKKK	: 	: 	: 	: 	: 	: 	: 	: 	: 	14641 	3108 	: 	: 	: 	: 	4193 	5605 	4843 	2347 	728 	33 	: 	: 	: 	17749 
PAS,PAS_BRD_DEP,ME_LYTV_UK_EGKK	: 	: 	: 	: 	: 	: 	: 	: 	1816 	8369 	2503 	: 	: 	: 	1816 	2782 	2877 	2710 	1818 	685 	0 	: 	: 	: 	12688 
PAS,PAS_CRD,ME_LYPG_AT_LOWW	22228 	10717 	8914 	7402 	5912 	4169 	3186 	3362 	18531 	31299 	18587 	11379 	3865 	4492 	10174 	8572 	12130 	10597 	7214 	6174 	5199 	4472 	3517 	3390 	79796 
PAS,PAS_CRD,ME_LYPG_BE_EBCI	9326 	8714 	3200 	2867 	3259 	3030 	2708 	2976 	8682 	9321 	9018 	8394 	3051 	2517 	3114 	3151 	2932 	3238 	3114 	3150 	2754 	2914 	2969 	2511 	35415 
PAS,PAS_CRD,ME_LYPG_CH_LSZH	: 	: 	: 	: 	: 	: 	: 	: 	4327 	11926 	6501 	3491 	1280 	988 	2059 	2813 	4461 	4652 	2394 	2399 	1708 	1228 	930 	1333 	26245 
PAS,PAS_CRD,ME_LYPG_DE_EDDB	9204 	8076 	3180 	2958 	3066 	2945 	2541 	2590 	: 	: 	: 	: 	: 	: 	: 	: 	: 	: 	: 	: 	: 	: 	: 	: 	: 
PAS,PAS_CRD,ME_LYPG_DE_EDDF	: 	: 	: 	: 	: 	: 	: 	: 	4682 	11147 	5737 	3873 	1224 	1004 	2454 	3396 	4002 	3749 	2305 	1879 	1553 	1306 	1097 	1470 	25439 
PAS,PAS_CRD,ME_LYPG_FR_LFPG	: 	: 	: 	: 	: 	: 	: 	: 	4536 	16278 	11753 	3202 	1354 	807 	2375 	4142 	6258 	5878 	3687 	5377 	2689 	1039 	1064 	1099 	35769 
PAS,PAS_CRD,ME_LYPG_IT_LIRF	11415 	7094 	4470 	3636 	3309 	2569 	1920 	2605 	7951 	14186 	10588 	7502 	2356 	2379 	3216 	3841 	5524 	4821 	3878 	3571 	3139 	2673 	2173 	2656 	40227 
PAS,PAS_CRD,ME_LYPG_RS_LYBE	72488 	63703 	25372 	24213 	22903 	23092 	19685 	20926 	71023 	82780 	72244 	56827 	23593 	22761 	24669 	27195 	27673 	27912 	25569 	24714 	21961 	20513 	18058 	18256 	282874 
PAS,PAS_CRD,ME_LYPG_RU_UUDD	: 	: 	: 	: 	: 	: 	: 	: 	1020 	22222 	7769 	64 	175 	: 	845 	4465 	8386 	9371 	6945 	824 	: 	: 	64 	: 	31075 
PAS,PAS_CRD,ME_LYPG_SI_LJLJ	10790 	7526 	4564 	3394 	2832 	2740 	2420 	2366 	8394 	12655 	9020 	7001 	2386 	2808 	3200 	4062 	4245 	4348 	3240 	3136 	2644 	2696 	2365 	1940 	37070 
PAS,PAS_CRD,ME_LYPG_TR_LTBA	28869 	12434 	11348 	9710 	7811 	5481 	3633 	3320 	16257 	31793 	22840 	11506 	4063 	4529 	7665 	10334 	11410 	10049 	7999 	8367 	6474 	4566 	3375 	3565 	82396 
PAS,PAS_CRD,ME_LYPG_UK_EGSS	9176 	9103 	2802 	3182 	3192 	3217 	2730 	3156 	8896 	9400 	9391 	9029 	3123 	2617 	3156 	2853 	3318 	3229 	3263 	3249 	2879 	3151 	2752 	3126 	36716 
PAS,PAS_CRD,ME_LYTV_BY_UMMS	: 	: 	: 	: 	: 	: 	: 	: 	408 	24519 	6504 	: 	: 	: 	408 	6988 	8408 	9123 	5831 	625 	48 	: 	: 	: 	31431 
PAS,PAS_CRD,ME_LYTV_RS_LYBE	57750 	23793 	27146 	16498 	14106 	8810 	7852 	7131 	31728 	116639 	56790 	25131 	8663 	8571 	14494 	28147 	43982 	44510 	27687 	16410 	12693 	8514 	7603 	9014 	230288 
PAS,PAS_CRD,ME_LYTV_RU_ULLI	18856 	: 	17043 	1578 	235 	: 	: 	: 	1018 	47256 	13128 	149 	: 	: 	1018 	12723 	18272 	16261 	11720 	1222 	186 	: 	: 	149 	61551 
PAS,PAS_CRD,ME_LYTV_RU_UUDD	79889 	15563 	49659 	19450 	10780 	6199 	4152 	5212 	25011 	187465 	68540 	15357 	5228 	5034 	14749 	51886 	66905 	68674 	43125 	16328 	9087 	6061 	3461 	5835 	296373 
PAS,PAS_CRD,ME_LYTV_RU_UUEE	35243 	6903 	19384 	9288 	6571 	2833 	1987 	2083 	14240 	63848 	32930 	9458 	2180 	3871 	8189 	19674 	22674 	21500 	17981 	8770 	6179 	3716 	2725 	3017 	120476 
PAS,PAS_CRD,ME_LYTV_RU_UUWW	18224 	: 	14951 	3273 	: 	: 	: 	: 	: 	27291 	8845 	: 	: 	: 	: 	8826 	9832 	8633 	8581 	264 	: 	: 	: 	: 	36136 
PAS,PAS_CRD,ME_LYTV_UA_UKKK	: 	: 	: 	: 	: 	: 	: 	: 	355 	29010 	8233 	: 	: 	: 	355 	7723 	11191 	10096 	6310 	1629 	294 	: 	: 	: 	37598 
PAS,PAS_CRD,ME_LYTV_UK_EGKK	: 	: 	: 	: 	: 	: 	: 	: 	2995 	17040 	5629 	: 	: 	: 	2995 	5326 	5728 	5986 	4014 	1552 	63 	: 	: 	: 	25664 
PAS,PAS_CRD_ARR,ME_LYPG_AT_LOWW	11477 	5144 	4897 	3634 	2946 	2045 	1564 	1535 	9073 	15050 	9871 	5637 	1984 	2015 	5074 	3744 	5197 	6109 	4071 	3191 	2609 	2312 	1707 	1618 	39631 
PAS,PAS_CRD_ARR,ME_LYPG_BE_EBCI	4663 	4298 	1610 	1422 	1631 	1504 	1346 	1448 	4150 	4589 	4516 	4180 	1493 	1152 	1505 	1476 	1428 	1685 	1592 	1574 	1350 	1513 	1477 	1190 	17435 
PAS,PAS_CRD_ARR,ME_LYPG_CH_LSZH	: 	: 	: 	: 	: 	: 	: 	: 	2027 	5747 	3311 	1615 	745 	411 	871 	1198 	1654 	2895 	1319 	1092 	900 	653 	434 	528 	12700 
PAS,PAS_CRD_ARR,ME_LYPG_DE_EDDB	4521 	3850 	1602 	1391 	1528 	1479 	1189 	1182 	: 	: 	: 	: 	: 	: 	: 	: 	: 	: 	: 	: 	: 	: 	: 	: 	: 
PAS,PAS_CRD_ARR,ME_LYPG_DE_EDDF	: 	: 	: 	: 	: 	: 	: 	: 	2237 	5451 	2921 	1860 	710 	445 	1082 	1473 	1698 	2280 	1245 	975 	701 	711 	556 	593 	12469 
PAS,PAS_CRD_ARR,ME_LYPG_FR_LFPG	: 	: 	: 	: 	: 	: 	: 	: 	2116 	7965 	6084 	1563 	724 	360 	1032 	1796 	2580 	3589 	1910 	2680 	1494 	497 	580 	486 	17728 
PAS,PAS_CRD_ARR,ME_LYPG_IT_LIRF	5840 	3561 	2335 	1845 	1660 	1302 	969 	1290 	3813 	6785 	5413 	3737 	1180 	1120 	1513 	1507 	2366 	2912 	2001 	1878 	1534 	1369 	1061 	1307 	19748 
PAS,PAS_CRD_ARR,ME_LYPG_RS_LYBE	37765 	32105 	13679 	12061 	12025 	11508 	9864 	10733 	34607 	39923 	36980 	28640 	11763 	11085 	11759 	12709 	12188 	15026 	13603 	12206 	11171 	10446 	9119 	9075 	140150 
PAS,PAS_CRD_ARR,ME_LYPG_RU_UUDD	: 	: 	: 	: 	: 	: 	: 	: 	365 	10495 	4731 	64 	110 	: 	255 	1876 	3962 	4657 	4075 	656 	: 	: 	64 	: 	15655 
PAS,PAS_CRD_ARR,ME_LYPG_SI_LJLJ	5466 	3579 	2369 	1595 	1502 	1224 	1200 	1155 	4002 	6063 	4475 	3369 	1188 	1310 	1504 	1805 	1887 	2371 	1672 	1531 	1272 	1319 	1161 	889 	17909 
PAS,PAS_CRD_ARR,ME_LYPG_TR_LTBA	14644 	5834 	5951 	4891 	3802 	2693 	1661 	1480 	7529 	15200 	11855 	5798 	1933 	2063 	3533 	4808 	5154 	5238 	4246 	4351 	3258 	2384 	1719 	1695 	40382 
PAS,PAS_CRD_ARR,ME_LYPG_UK_EGSS	4668 	4346 	1419 	1623 	1626 	1638 	1367 	1341 	4443 	4648 	4667 	4327 	1762 	1178 	1503 	1355 	1628 	1665 	1634 	1623 	1410 	1631 	1358 	1338 	18085 
PAS,PAS_CRD_ARR,ME_LYTV_BY_UMMS	: 	: 	: 	: 	: 	: 	: 	: 	408 	11876 	3958 	: 	: 	: 	408 	2841 	4557 	4478 	3508 	402 	48 	: 	: 	: 	16242 
PAS,PAS_CRD_ARR,ME_LYTV_RS_LYBE	31426 	11535 	15521 	8302 	7603 	4504 	3804 	3227 	14777 	55685 	31153 	11996 	4416 	4140 	6221 	12081 	19853 	23751 	16062 	8005 	7086 	4280 	3569 	4147 	113611 
PAS,PAS_CRD_ARR,ME_LYTV_RU_ULLI	11584 	: 	10197 	1217 	170 	: 	: 	: 	847 	21863 	8488 	42 	: 	: 	847 	5188 	8491 	8184 	7465 	858 	165 	: 	: 	42 	31240 
PAS,PAS_CRD_ARR,ME_LYTV_RU_UUDD	47506 	7654 	29892 	11318 	6296 	3404 	2205 	2045 	12151 	89623 	40527 	7176 	2989 	1959 	7203 	22493 	31844 	35286 	26113 	8746 	5668 	3147 	1659 	2370 	149477 
PAS,PAS_CRD_ARR,ME_LYTV_RU_UUEE	20163 	3689 	11230 	5157 	3776 	1633 	1057 	999 	6675 	30971 	19272 	4877 	1209 	1756 	3710 	8796 	11266 	10909 	10524 	5094 	3654 	2155 	1478 	1244 	61795 
PAS,PAS_CRD_ARR,ME_LYTV_RU_UUWW	10049 	: 	8143 	1906 	: 	: 	: 	: 	: 	12842 	4961 	: 	: 	: 	: 	3637 	4886 	4319 	4710 	251 	: 	: 	: 	: 	17803 
PAS,PAS_CRD_ARR,ME_LYTV_UA_UKKK	: 	: 	: 	: 	: 	: 	: 	: 	355 	14369 	5125 	: 	: 	: 	355 	3530 	5586 	5253 	3963 	901 	261 	: 	: 	: 	19849 
PAS,PAS_CRD_ARR,ME_LYTV_UK_EGKK	: 	: 	: 	: 	: 	: 	: 	: 	1179 	8671 	3126 	: 	: 	: 	1179 	2544 	2851 	3276 	2196 	867 	63 	: 	: 	: 	12976 
PAS,PAS_CRD_DEP,ME_LYPG_AT_LOWW	10751 	5573 	4017 	3768 	2966 	2124 	1622 	1827 	9458 	16249 	8716 	5742 	1881 	2477 	5100 	4828 	6933 	4488 	3143 	2983 	2590 	2160 	1810 	1772 	40165 
PAS,PAS_CRD_DEP,ME_LYPG_BE_EBCI	4663 	4416 	1590 	1445 	1628 	1526 	1362 	1528 	4532 	4732 	4502 	4214 	1558 	1365 	1609 	1675 	1504 	1553 	1522 	1576 	1404 	1401 	1492 	1321 	17980 
PAS,PAS_CRD_DEP,ME_LYPG_CH_LSZH	: 	: 	: 	: 	: 	: 	: 	: 	2300 	6179 	3190 	1876 	535 	577 	1188 	1615 	2807 	1757 	1075 	1307 	808 	575 	496 	805 	13545 
PAS,PAS_CRD_DEP,ME_LYPG_DE_EDDB	4683 	4226 	1578 	1567 	1538 	1466 	1352 	1408 	: 	: 	: 	: 	: 	: 	: 	: 	: 	: 	: 	: 	: 	: 	: 	: 	: 
PAS,PAS_CRD_DEP,ME_LYPG_DE_EDDF	: 	: 	: 	: 	: 	: 	: 	: 	2445 	5696 	2816 	2013 	514 	559 	1372 	1923 	2304 	1469 	1060 	904 	852 	595 	541 	877 	12970 
PAS,PAS_CRD_DEP,ME_LYPG_FR_LFPG	: 	: 	: 	: 	: 	: 	: 	: 	2420 	8313 	5669 	1639 	630 	447 	1343 	2346 	3678 	2289 	1777 	2697 	1195 	542 	484 	613 	18041 
PAS,PAS_CRD_DEP,ME_LYPG_IT_LIRF	5575 	3533 	2135 	1791 	1649 	1267 	951 	1315 	4138 	7401 	5175 	3765 	1176 	1259 	1703 	2334 	3158 	1909 	1877 	1693 	1605 	1304 	1112 	1349 	20479 
PAS,PAS_CRD_DEP,ME_LYPG_RS_LYBE	34723 	31598 	11693 	12152 	10878 	11584 	9821 	10193 	36416 	42857 	35264 	28187 	11830 	11676 	12910 	14486 	15485 	12886 	11966 	12508 	10790 	10067 	8939 	9181 	142724 
PAS,PAS_CRD_DEP,ME_LYPG_RU_UUDD	: 	: 	: 	: 	: 	: 	: 	: 	655 	11727 	3038 	: 	65 	: 	590 	2589 	4424 	4714 	2870 	168 	: 	: 	: 	: 	15420 
PAS,PAS_CRD_DEP,ME_LYPG_SI_LJLJ	5324 	3947 	2195 	1799 	1330 	1516 	1220 	1211 	4392 	6592 	4545 	3632 	1198 	1498 	1696 	2257 	2358 	1977 	1568 	1605 	1372 	1377 	1204 	1051 	19161 
PAS,PAS_CRD_DEP,ME_LYPG_TR_LTBA	14225 	6600 	5397 	4819 	4009 	2788 	1972 	1840 	8728 	16593 	10985 	5708 	2130 	2466 	4132 	5526 	6256 	4811 	3753 	4016 	3216 	2182 	1656 	1870 	42014 
PAS,PAS_CRD_DEP,ME_LYPG_UK_EGSS	4508 	4757 	1383 	1559 	1566 	1579 	1363 	1815 	4453 	4752 	4724 	4702 	1361 	1439 	1653 	1498 	1690 	1564 	1629 	1626 	1469 	1520 	1394 	1788 	18631 
PAS,PAS_CRD_DEP,ME_LYTV_BY_UMMS	: 	: 	: 	: 	: 	: 	: 	: 	: 	12643 	2546 	: 	: 	: 	: 	4147 	3851 	4645 	2323 	223 	: 	: 	: 	: 	15189 
PAS,PAS_CRD_DEP,ME_LYTV_RS_LYBE	26324 	12258 	11625 	8196 	6503 	4306 	4048 	3904 	16951 	60954 	25637 	13135 	4247 	4431 	8273 	16066 	24129 	20759 	11625 	8405 	5607 	4234 	4034 	4867 	116677 
PAS,PAS_CRD_DEP,ME_LYTV_RU_ULLI	7272 	: 	6846 	361 	65 	: 	: 	: 	171 	25393 	4640 	107 	: 	: 	171 	7535 	9781 	8077 	4255 	364 	21 	: 	: 	107 	30311 
PAS,PAS_CRD_DEP,ME_LYTV_RU_UUDD	32383 	7909 	19767 	8132 	4484 	2795 	1947 	3167 	12860 	97842 	28013 	8181 	2239 	3075 	7546 	29393 	35061 	33388 	17012 	7582 	3419 	2914 	1802 	3465 	146896 
PAS,PAS_CRD_DEP,ME_LYTV_RU_UUEE	15080 	3214 	8154 	4131 	2795 	1200 	930 	1084 	7565 	32877 	13658 	4581 	971 	2115 	4479 	10878 	11408 	10591 	7457 	3676 	2525 	1561 	1247 	1773 	58681 
PAS,PAS_CRD_DEP,ME_LYTV_RU_UUWW	8175 	: 	6808 	1367 	: 	: 	: 	: 	: 	14449 	3884 	: 	: 	: 	: 	5189 	4946 	4314 	3871 	13 	: 	: 	: 	: 	18333 
PAS,PAS_CRD_DEP,ME_LYTV_UA_UKKK	: 	: 	: 	: 	: 	: 	: 	: 	: 	14641 	3108 	: 	: 	: 	: 	4193 	5605 	4843 	2347 	728 	33 	: 	: 	: 	17749 
PAS,PAS_CRD_DEP,ME_LYTV_UK_EGKK	: 	: 	: 	: 	: 	: 	: 	: 	1816 	8369 	2503 	: 	: 	: 	1816 	2782 	2877 	2710 	1818 	685 	: 	: 	: 	: 	12688 
SEAT,ST_PAS,ME_LYPG_AT_LOWW	34351 	18876 	12604 	11874 	9873 	7102 	5802 	5972 	26704 	38836 	30050 	19218 	6292 	6746 	13666 	11010 	14582 	13244 	11212 	9540 	9298 	6850 	6208 	6160 	114808 
SEAT,ST_PAS,ME_LYPG_BE_EBCI	9828 	9840 	3402 	3024 	3402 	3402 	3024 	3414 	9828 	9828 	9828 	9828 	3402 	3024 	3402 	3402 	3024 	3402 	3402 	3402 	3024 	3402 	3402 	3024 	39312 
SEAT,ST_PAS,ME_LYPG_CH_LSZH	: 	: 	: 	: 	: 	: 	: 	: 	9088 	16084 	12558 	6896 	2946 	2552 	3590 	4524 	5628 	5932 	5148 	4026 	3384 	2288 	1856 	2752 	44626 
SEAT,ST_PAS,ME_LYPG_DE_EDDB	10034 	9816 	3438 	3194 	3402 	3402 	3024 	3390 	: 	: 	: 	: 	: 	: 	: 	: 	: 	: 	: 	: 	: 	: 	: 	: 	: 
SEAT,ST_PAS,ME_LYPG_DE_EDDF	: 	: 	: 	: 	: 	: 	: 	: 	7770 	13692 	10154 	6480 	2322 	1856 	3592 	4138 	4624 	4930 	4224 	2946 	2984 	2072 	1856 	2552 	38096 
SEAT,ST_PAS,ME_LYPG_FR_LFPG	: 	: 	: 	: 	: 	: 	: 	: 	8288 	21202 	18248 	6248 	2536 	1856 	3896 	5476 	8038 	7688 	5884 	7908 	4456 	2088 	1840 	2320 	53986 
SEAT,ST_PAS,ME_LYPG_IT_LIRF	24300 	15360 	8324 	7910 	8066 	5624 	4560 	5176 	16176 	20030 	18226 	15680 	5100 	4902 	6174 	6072 	7148 	6810 	6158 	6062 	6006 	5432 	5056 	5192 	70112 
SEAT,ST_PAS,ME_LYPG_RS_LYBE	96212 	91674 	31011 	32935 	32266 	31782 	29502 	30390 	92080 	96882 	99016 	82139 	30978 	29644 	31458 	30996 	32866 	33020 	31883 	33976 	33157 	28193 	25349 	28597 	370117 
SEAT,ST_PAS,ME_LYPG_RU_UUDD	: 	: 	: 	: 	: 	: 	: 	: 	1480 	25634 	10696 	116 	232 	: 	1248 	5420 	9664 	10550 	9496 	1200 	: 	: 	116 	: 	37926 
SEAT,ST_PAS,ME_LYPG_SI_LJLJ	18471 	14886 	7271 	6274 	4926 	5300 	4524 	5062 	14658 	15448 	15272 	14830 	4406 	5142 	5110 	5126 	5030 	5292 	5196 	5012 	5064 	5400 	4912 	4518 	60208 
SEAT,ST_PAS,ME_LYPG_TR_LTBA	46398 	22678 	16326 	15472 	14600 	9564 	6630 	6484 	31960 	47074 	42944 	21514 	8382 	8518 	15060 	15600 	15824 	15650 	14244 	15040 	13660 	8196 	6586 	6732 	143492 
SEAT,ST_PAS,ME_LYPG_UK_EGSS	9816 	10206 	3018 	3396 	3402 	3402 	3024 	3780 	10200 	9828 	9828 	10200 	3774 	3024 	3402 	3024 	3402 	3402 	3402 	3402 	3024 	3402 	3024 	3774 	40056 
SEAT,ST_PAS,ME_LYTV_BY_UMMS	: 	: 	: 	: 	: 	: 	: 	: 	810 	25235 	8482 	: 	: 	: 	810 	8028 	8249 	8958 	7440 	882 	160 	: 	: 	: 	34527 
SEAT,ST_PAS,ME_LYTV_RS_LYBE	78688 	40657 	33370 	23770 	21548 	15840 	13296 	11521 	50641 	134878 	82177 	40603 	14409 	13952 	22280 	35100 	49394 	50384 	37110 	23576 	21491 	14241 	12259 	14103 	308299 
SEAT,ST_PAS,ME_LYTV_RU_ULLI	26197 	: 	23210 	2707 	280 	: 	: 	: 	1512 	58755 	20556 	232 	: 	: 	1512 	16903 	21458 	20394 	18260 	1960 	336 	: 	: 	232 	81055 
SEAT,ST_PAS,ME_LYTV_RU_UUDD	106917 	21624 	66690 	26295 	13932 	7662 	5650 	8312 	37192 	209384 	96384 	26880 	9644 	7716 	19832 	62385 	73741 	73258 	59390 	23262 	13732 	9386 	7140 	10354 	369840 
SEAT,ST_PAS,ME_LYTV_RU_UUEE	50906 	11120 	28556 	13174 	9176 	4644 	2688 	3788 	21884 	79636 	46258 	18974 	4028 	6560 	11296 	25924 	27758 	25954 	24618 	11996 	9644 	6642 	5578 	6754 	166752 
SEAT,ST_PAS,ME_LYTV_RU_UUWW	20542 	: 	16482 	4060 	: 	: 	: 	: 	: 	30556 	10656 	: 	: 	: 	: 	10782 	10616 	9158 	10158 	498 	: 	: 	: 	: 	41212 
SEAT,ST_PAS,ME_LYTV_UA_UKKK	: 	: 	: 	: 	: 	: 	: 	: 	760 	34380 	11290 	: 	: 	: 	760 	10020 	12370 	11990 	8410 	2280 	600 	: 	: 	: 	46430 
SEAT,ST_PAS,ME_LYTV_UK_EGKK	: 	: 	: 	: 	: 	: 	: 	: 	4230 	19534 	7598 	: 	: 	: 	4230 	6104 	6456 	6974 	5300 	2066 	232 	: 	: 	: 	31362 
SEAT,ST_PAS_ARR,ME_LYPG_AT_LOWW	17228 	9438 	6302 	5937 	4989 	3551 	2901 	2986 	13442 	19418 	15025 	9609 	3146 	3373 	6923 	5505 	7291 	6622 	5606 	4770 	4649 	3425 	3104 	3080 	57494 
SEAT,ST_PAS_ARR,ME_LYPG_BE_EBCI	4914 	4920 	1701 	1512 	1701 	1701 	1512 	1707 	4914 	4914 	4914 	4914 	1701 	1512 	1701 	1701 	1512 	1701 	1701 	1701 	1512 	1701 	1701 	1512 	19656 
SEAT,ST_PAS_ARR,ME_LYPG_CH_LSZH	: 	: 	: 	: 	: 	: 	: 	: 	4373 	8042 	6244 	3448 	1392 	1276 	1705 	2262 	2814 	2966 	2539 	2013 	1692 	1144 	928 	1376 	22107 
SEAT,ST_PAS_ARR,ME_LYPG_DE_EDDB	4932 	4908 	1719 	1512 	1701 	1701 	1512 	1695 	: 	: 	: 	: 	: 	: 	: 	: 	: 	: 	: 	: 	: 	: 	: 	: 	: 
SEAT,ST_PAS_ARR,ME_LYPG_DE_EDDF	: 	: 	: 	: 	: 	: 	: 	: 	3957 	6792 	5077 	3240 	1233 	928 	1796 	2069 	2258 	2465 	2112 	1473 	1492 	1036 	928 	1276 	19066 
SEAT,ST_PAS_ARR,ME_LYPG_FR_LFPG	: 	: 	: 	: 	: 	: 	: 	: 	4144 	10601 	9264 	3124 	1268 	928 	1948 	2738 	4019 	3844 	2942 	4070 	2252 	1044 	920 	1160 	27133 
SEAT,ST_PAS_ARR,ME_LYPG_IT_LIRF	12150 	7680 	4162 	3955 	4033 	2812 	2280 	2588 	8030 	10015 	9069 	7840 	2550 	2393 	3087 	3036 	3574 	3405 	3035 	3031 	3003 	2716 	2528 	2596 	34954 
SEAT,ST_PAS_ARR,ME_LYPG_RS_LYBE	48313 	46263 	15560 	16620 	16133 	15858 	14900 	15505 	46151 	48441 	49580 	41193 	15473 	14949 	15729 	15498 	16491 	16452 	15963 	17044 	16573 	14149 	12765 	14279 	185365 
SEAT,ST_PAS_ARR,ME_LYPG_RU_UUDD	: 	: 	: 	: 	: 	: 	: 	: 	740 	12759 	5406 	116 	116 	: 	624 	2710 	4774 	5275 	4748 	658 	: 	: 	116 	: 	19021 
SEAT,ST_PAS_ARR,ME_LYPG_SI_LJLJ	9181 	7394 	3581 	3137 	2463 	2566 	2262 	2566 	7329 	7724 	7612 	7415 	2203 	2571 	2555 	2563 	2515 	2646 	2598 	2506 	2508 	2700 	2456 	2259 	30080 
SEAT,ST_PAS_ARR,ME_LYPG_TR_LTBA	23199 	11339 	8163 	7736 	7300 	4782 	3315 	3242 	15980 	23537 	21472 	10757 	4191 	4259 	7530 	7800 	7912 	7825 	7122 	7520 	6830 	4098 	3293 	3366 	71746 
SEAT,ST_PAS_ARR,ME_LYPG_UK_EGSS	4908 	5103 	1509 	1698 	1701 	1701 	1512 	1890 	5100 	4914 	4914 	5100 	1887 	1512 	1701 	1512 	1701 	1701 	1701 	1701 	1512 	1701 	1512 	1887 	20028 
SEAT,ST_PAS_ARR,ME_LYTV_BY_UMMS	: 	: 	: 	: 	: 	: 	: 	: 	810 	12892 	4108 	: 	: 	: 	810 	4014 	4473 	4405 	3587 	441 	80 	: 	: 	: 	17810 
SEAT,ST_PAS_ARR,ME_LYTV_RS_LYBE	39228 	19762 	16627 	11827 	10774 	7862 	6474 	5426 	25268 	67323 	40982 	20013 	7145 	6983 	11140 	17608 	24639 	25076 	18439 	11788 	10755 	7068 	5957 	6988 	153586 
SEAT,ST_PAS_ARR,ME_LYTV_RU_ULLI	13090 	: 	11607 	1343 	140 	: 	: 	: 	1302 	29173 	10500 	116 	: 	: 	1302 	8451 	10595 	10127 	9352 	980 	168 	: 	: 	116 	41091 
SEAT,ST_PAS_ARR,ME_LYTV_RU_UUDD	53815 	10464 	33401 	13448 	6966 	3773 	2767 	3924 	20702 	104988 	47854 	13208 	4822 	3800 	12080 	31251 	37145 	36592 	29415 	11573 	6866 	4635 	3454 	5119 	186752 
SEAT,ST_PAS_ARR,ME_LYTV_RU_UUEE	25603 	5560 	14278 	6737 	4588 	2322 	1344 	1894 	11122 	39818 	23134 	9487 	2014 	3280 	5828 	12962 	13879 	12977 	12309 	5998 	4827 	3321 	2789 	3377 	83561 
SEAT,ST_PAS_ARR,ME_LYTV_RU_UUWW	10271 	: 	8241 	2030 	: 	: 	: 	: 	: 	15278 	5328 	: 	: 	: 	: 	5391 	5308 	4579 	5079 	249 	: 	: 	: 	: 	20606 
SEAT,ST_PAS_ARR,ME_LYTV_UA_UKKK	: 	: 	: 	: 	: 	: 	: 	: 	760 	17550 	6000 	: 	: 	: 	760 	5175 	6250 	6125 	4470 	1230 	300 	: 	: 	: 	24310 
SEAT,ST_PAS_ARR,ME_LYTV_UK_EGKK	: 	: 	: 	: 	: 	: 	: 	: 	2057 	9767 	3799 	: 	: 	: 	2057 	3052 	3228 	3487 	2650 	1033 	116 	: 	: 	: 	15623 
SEAT,ST_PAS_DEP,ME_LYPG_AT_LOWW	17123 	9438 	6302 	5937 	4884 	3551 	2901 	2986 	13262 	19418 	15025 	9609 	3146 	3373 	6743 	5505 	7291 	6622 	5606 	4770 	4649 	3425 	3104 	3080 	57314 
SEAT,ST_PAS_DEP,ME_LYPG_BE_EBCI	4914 	4920 	1701 	1512 	1701 	1701 	1512 	1707 	4914 	4914 	4914 	4914 	1701 	1512 	1701 	1701 	1512 	1701 	1701 	1701 	1512 	1701 	1701 	1512 	19656 
SEAT,ST_PAS_DEP,ME_LYPG_CH_LSZH	: 	: 	: 	: 	: 	: 	: 	: 	4715 	8042 	6314 	3448 	1554 	1276 	1885 	2262 	2814 	2966 	2609 	2013 	1692 	1144 	928 	1376 	22519 
SEAT,ST_PAS_DEP,ME_LYPG_DE_EDDB	5102 	4908 	1719 	1682 	1701 	1701 	1512 	1695 	: 	: 	: 	: 	: 	: 	: 	: 	: 	: 	: 	: 	: 	: 	: 	: 	: 
SEAT,ST_PAS_DEP,ME_LYPG_DE_EDDF	: 	: 	: 	: 	: 	: 	: 	: 	3813 	6900 	5077 	3240 	1089 	928 	1796 	2069 	2366 	2465 	2112 	1473 	1492 	1036 	928 	1276 	19030 
SEAT,ST_PAS_DEP,ME_LYPG_FR_LFPG	: 	: 	: 	: 	: 	: 	: 	: 	4144 	10601 	8984 	3124 	1268 	928 	1948 	2738 	4019 	3844 	2942 	3838 	2204 	1044 	920 	1160 	26853 
SEAT,ST_PAS_DEP,ME_LYPG_IT_LIRF	12150 	7680 	4162 	3955 	4033 	2812 	2280 	2588 	8146 	10015 	9157 	7840 	2550 	2509 	3087 	3036 	3574 	3405 	3123 	3031 	3003 	2716 	2528 	2596 	35158 
SEAT,ST_PAS_DEP,ME_LYPG_RS_LYBE	47899 	45411 	15451 	16315 	16133 	15924 	14602 	14885 	45929 	48441 	49436 	40946 	15505 	14695 	15729 	15498 	16375 	16568 	15920 	16932 	16584 	14044 	12584 	14318 	184752 
SEAT,ST_PAS_DEP,ME_LYPG_RU_UUDD	: 	: 	: 	: 	: 	: 	: 	: 	740 	12875 	5290 	: 	116 	: 	624 	2710 	4890 	5275 	4748 	542 	: 	: 	: 	: 	18905 
SEAT,ST_PAS_DEP,ME_LYPG_SI_LJLJ	9290 	7492 	3690 	3137 	2463 	2734 	2262 	2496 	7329 	7724 	7660 	7415 	2203 	2571 	2555 	2563 	2515 	2646 	2598 	2506 	2556 	2700 	2456 	2259 	30128 
SEAT,ST_PAS_DEP,ME_LYPG_TR_LTBA	23199 	11339 	8163 	7736 	7300 	4782 	3315 	3242 	15980 	23537 	21472 	10757 	4191 	4259 	7530 	7800 	7912 	7825 	7122 	7520 	6830 	4098 	3293 	3366 	71746 
SEAT,ST_PAS_DEP,ME_LYPG_UK_EGSS	4908 	5103 	1509 	1698 	1701 	1701 	1512 	1890 	5100 	4914 	4914 	5100 	1887 	1512 	1701 	1512 	1701 	1701 	1701 	1701 	1512 	1701 	1512 	1887 	20028 
SEAT,ST_PAS_DEP,ME_LYTV_BY_UMMS	: 	: 	: 	: 	: 	: 	: 	: 	: 	12343 	4374 	: 	: 	: 	: 	4014 	3776 	4553 	3853 	441 	80 	: 	: 	: 	16717 
SEAT,ST_PAS_DEP,ME_LYTV_RS_LYBE	39460 	20895 	16743 	11943 	10774 	7978 	6822 	6095 	25373 	67555 	41195 	20590 	7264 	6969 	11140 	17492 	24755 	25308 	18671 	11788 	10736 	7173 	6302 	7115 	154713 
SEAT,ST_PAS_DEP,ME_LYTV_RU_ULLI	13107 	: 	11603 	1364 	140 	: 	: 	: 	210 	29582 	10056 	116 	: 	: 	210 	8452 	10863 	10267 	8908 	980 	168 	: 	: 	116 	39964 
SEAT,ST_PAS_DEP,ME_LYTV_RU_UUDD	53102 	11160 	33289 	12847 	6966 	3889 	2883 	4388 	16490 	104396 	48530 	13672 	4822 	3916 	7752 	31134 	36596 	36666 	29975 	11689 	6866 	4751 	3686 	5235 	183088 
SEAT,ST_PAS_DEP,ME_LYTV_RU_UUEE	25303 	5560 	14278 	6437 	4588 	2322 	1344 	1894 	10762 	39818 	23124 	9487 	2014 	3280 	5468 	12962 	13879 	12977 	12309 	5998 	4817 	3321 	2789 	3377 	83191 
SEAT,ST_PAS_DEP,ME_LYTV_RU_UUWW	10271 	: 	8241 	2030 	: 	: 	: 	: 	: 	15278 	5328 	: 	: 	: 	: 	5391 	5308 	4579 	5079 	249 	: 	: 	: 	: 	20606 
SEAT,ST_PAS_DEP,ME_LYTV_UA_UKKK	: 	: 	: 	: 	: 	: 	: 	: 	: 	16830 	5290 	: 	: 	: 	: 	4845 	6120 	5865 	3940 	1050 	300 	: 	: 	: 	22120 
SEAT,ST_PAS_DEP,ME_LYTV_UK_EGKK	: 	: 	: 	: 	: 	: 	: 	: 	2173 	9767 	3799 	: 	: 	: 	2173 	3052 	3228 	3487 	2650 	1033 	116 	: 	: 	: 	15739 
